expiry,strike,type,bid,ask
2026-12-28,4200.0,call,1332.4,1343.2
2026-12-28,4200.0,put,13.8,14.0
2026-12-28,4225.0,call,1307.6,1318.3
2026-12-28,4225.0,put,14.4,14.7
2026-12-28,4250.0,call,1283.2,1293.6
2026-12-28,4250.0,put,15.1,15.3
2026-12-28,4275.0,call,1260.6,1270.8
2026-12-28,4275.0,put,15.8,16.1
2026-12-28,4300.0,call,1235.3,1245.3
2026-12-28,4300.0,put,16.5,16.8
2026-12-28,4325.0,call,1213.8,1223.7
2026-12-28,4325.0,put,17.3,17.6
2026-12-28,4350.0,call,1189.0,1198.7
2026-12-28,4350.0,put,18.0,18.3
2026-12-28,4375.0,call,1164.9,1174.3
2026-12-28,4375.0,put,18.9,19.2
2026-12-28,4400.0,call,1138.1,1147.3
2026-12-28,4400.0,put,19.8,20.0
2026-12-28,4425.0,call,1113.1,1122.2
2026-12-28,4425.0,put,20.6,20.9
2026-12-28,4450.0,call,1089.7,1098.5
2026-12-28,4450.0,put,21.6,21.9
2026-12-28,4475.0,call,1067.3,1076.0
2026-12-28,4475.0,put,22.6,22.9
2026-12-28,4500.0,call,1046.7,1055.2
2026-12-28,4500.0,put,23.6,23.9
2026-12-28,4525.0,call,1017.7,1026.0
2026-12-28,4525.0,put,24.7,25.0
2026-12-28,4550.0,call,999.2,1007.3
2026-12-28,4550.0,put,25.9,26.2
2026-12-28,4575.0,call,972.8,980.8
2026-12-28,4575.0,put,27.0,27.3
2026-12-28,4600.0,call,950.5,958.3
2026-12-28,4600.0,put,28.2,28.5
2026-12-28,4625.0,call,931.0,938.6
2026-12-28,4625.0,put,29.5,29.8
2026-12-28,4650.0,call,905.7,913.1
2026-12-28,4650.0,put,31.0,31.3
2026-12-28,4675.0,call,881.5,888.7
2026-12-28,4675.0,put,32.3,32.7
2026-12-28,4700.0,call,859.5,866.5
2026-12-28,4700.0,put,33.8,34.2
2026-12-28,4725.0,call,834.2,841.0
2026-12-28,4725.0,put,35.4,35.8
2026-12-28,4750.0,call,815.5,822.1
2026-12-28,4750.0,put,36.9,37.3
2026-12-28,4775.0,call,791.7,798.1
2026-12-28,4775.0,put,38.7,39.1
2026-12-28,4800.0,call,766.5,772.7
2026-12-28,4800.0,put,40.7,41.1
2026-12-28,4825.0,call,745.8,751.9
2026-12-28,4825.0,put,42.3,42.7
2026-12-28,4850.0,call,722.1,728.0
2026-12-28,4850.0,put,44.5,44.9
2026-12-28,4875.0,call,699.2,704.9
2026-12-28,4875.0,put,46.6,47.0
2026-12-28,4900.0,call,677.0,682.5
2026-12-28,4900.0,put,48.8,49.3
2026-12-28,4925.0,call,656.6,661.9
2026-12-28,4925.0,put,51.0,51.5
2026-12-28,4950.0,call,632.8,637.9
2026-12-28,4950.0,put,53.5,54.0
2026-12-28,4975.0,call,610.6,615.6
2026-12-28,4975.0,put,56.0,56.5
2026-12-28,5000.0,call,587.9,592.6
2026-12-28,5000.0,put,58.8,59.3
2026-12-28,5025.0,call,567.8,572.4
2026-12-28,5025.0,put,61.9,62.4
2026-12-28,5050.0,call,543.7,548.2
2026-12-28,5050.0,put,64.7,65.3
2026-12-28,5075.0,call,524.5,528.7
2026-12-28,5075.0,put,67.8,68.4
2026-12-28,5100.0,call,502.1,506.2
2026-12-28,5100.0,put,71.5,72.1
2026-12-28,5125.0,call,482.8,486.7
2026-12-28,5125.0,put,75.2,75.9
2026-12-28,5150.0,call,460.5,464.2
2026-12-28,5150.0,put,78.9,79.6
2026-12-28,5175.0,call,440.0,443.6
2026-12-28,5175.0,put,83.3,84.0
2026-12-28,5200.0,call,419.6,423.0
2026-12-28,5200.0,put,87.4,88.1
2026-12-28,5225.0,call,400.2,403.4
2026-12-28,5225.0,put,92.1,92.8
2026-12-28,5250.0,call,380.1,383.1
2026-12-28,5250.0,put,96.8,97.6
2026-12-28,5275.0,call,360.8,363.7
2026-12-28,5275.0,put,102.2,103.1
2026-12-28,5300.0,call,342.6,345.3
2026-12-28,5300.0,put,108.1,108.9
2026-12-28,5325.0,call,323.1,325.7
2026-12-28,5325.0,put,114.0,115.0
2026-12-28,5350.0,call,304.6,307.1
2026-12-28,5350.0,put,120.5,121.5
2026-12-28,5375.0,call,287.0,289.3
2026-12-28,5375.0,put,127.2,128.2
2026-12-28,5400.0,call,268.8,271.0
2026-12-28,5400.0,put,134.4,135.5
2026-12-28,5425.0,call,251.7,253.8
2026-12-28,5425.0,put,141.4,142.6
2026-12-28,5450.0,call,236.0,237.9
2026-12-28,5450.0,put,149.9,151.2
2026-12-28,5475.0,call,220.3,222.1
2026-12-28,5475.0,put,159.7,161.0
2026-12-28,5500.0,call,204.5,206.2
2026-12-28,5500.0,put,168.0,169.4
2026-12-28,5525.0,call,190.2,191.7
2026-12-28,5525.0,put,178.3,179.7
2026-12-28,5550.0,call,175.8,177.2
2026-12-28,5550.0,put,188.5,190.0
2026-12-28,5575.0,call,162.6,163.9
2026-12-28,5575.0,put,199.9,201.5
2026-12-28,5600.0,call,149.1,150.3
2026-12-28,5600.0,put,211.3,213.0
2026-12-28,5625.0,call,137.1,138.2
2026-12-28,5625.0,put,223.2,225.0
2026-12-28,5650.0,call,125.5,126.5
2026-12-28,5650.0,put,236.3,238.2
2026-12-28,5675.0,call,114.7,115.6
2026-12-28,5675.0,put,250.5,252.5
2026-12-28,5700.0,call,104.2,105.0
2026-12-28,5700.0,put,264.4,266.6
2026-12-28,5725.0,call,94.5,95.3
2026-12-28,5725.0,put,278.6,280.9
2026-12-28,5750.0,call,85.3,86.0
2026-12-28,5750.0,put,295.6,298.0
2026-12-28,5775.0,call,76.8,77.5
2026-12-28,5775.0,put,312.2,314.8
2026-12-28,5800.0,call,69.2,69.8
2026-12-28,5800.0,put,329.1,331.8
2026-12-28,5825.0,call,62.2,62.7
2026-12-28,5825.0,put,346.7,349.5
2026-12-28,5850.0,call,55.8,56.3
2026-12-28,5850.0,put,363.2,366.1
2026-12-28,5875.0,call,49.9,50.4
2026-12-28,5875.0,put,384.1,387.2
2026-12-28,5900.0,call,44.4,44.8
2026-12-28,5900.0,put,402.0,405.2
2026-12-28,5925.0,call,39.4,39.8
2026-12-28,5925.0,put,421.1,424.5
2026-12-28,5950.0,call,35.0,35.4
2026-12-28,5950.0,put,441.6,445.2
2026-12-28,5975.0,call,30.9,31.2
2026-12-28,5975.0,put,462.0,465.7
2026-12-28,6000.0,call,27.3,27.5
2026-12-28,6000.0,put,482.5,486.4
2026-12-28,6025.0,call,24.1,24.4
2026-12-28,6025.0,put,505.0,509.1
2026-12-28,6050.0,call,21.2,21.4
2026-12-28,6050.0,put,526.9,531.2
2026-12-28,6075.0,call,18.6,18.8
2026-12-28,6075.0,put,548.6,553.1
2026-12-28,6100.0,call,16.3,16.5
2026-12-28,6100.0,put,571.3,576.0
2026-12-28,6125.0,call,14.3,14.4
2026-12-28,6125.0,put,593.6,598.4
2026-12-28,6150.0,call,12.4,12.6
2026-12-28,6150.0,put,615.8,620.8
2026-12-28,6175.0,call,10.9,11.1
2026-12-28,6175.0,put,639.0,644.2
2026-12-28,6200.0,call,9.5,9.6
2026-12-28,6200.0,put,663.6,669.0
2026-12-28,6225.0,call,8.3,8.4
2026-12-28,6225.0,put,684.6,690.1
2026-12-28,6250.0,call,7.2,7.3
2026-12-28,6250.0,put,709.3,715.0
2026-12-28,6275.0,call,6.2,6.3
2026-12-28,6275.0,put,734.9,740.9
2026-12-28,6300.0,call,5.4,5.5
2026-12-28,6300.0,put,757.8,764.0
2026-12-28,6325.0,call,4.7,4.8
2026-12-28,6325.0,put,782.3,788.7
2026-12-28,6350.0,call,4.1,4.2
2026-12-28,6350.0,put,805.4,812.0
2026-12-28,6375.0,call,3.5,3.6
2026-12-28,6375.0,put,827.7,834.5
2026-12-28,6400.0,call,3.1,3.2
2026-12-28,6400.0,put,853.1,860.0
2026-12-28,6425.0,call,2.7,2.8
2026-12-28,6425.0,put,878.1,885.3
2026-12-28,6450.0,call,2.3,2.4
2026-12-28,6450.0,put,901.6,908.9
2026-12-28,6475.0,call,2.0,2.1
2026-12-28,6475.0,put,926.3,933.8
2026-12-28,6500.0,call,1.7,1.8
2026-12-28,6500.0,put,951.2,959.0
2026-12-28,6525.0,call,1.5,1.6
2026-12-28,6525.0,put,976.9,984.9
2026-12-28,6550.0,call,1.3,1.4
2026-12-28,6550.0,put,998.9,1007.0
2026-12-28,6575.0,call,1.1,1.2
2026-12-28,6575.0,put,1026.5,1034.8
2026-12-28,6600.0,call,0.9,1.0
2026-12-28,6600.0,put,1048.7,1057.3
2026-12-28,6625.0,call,0.8,0.9
2026-12-28,6625.0,put,1075.2,1084.0
2026-12-28,6650.0,call,0.7,0.8
2026-12-28,6650.0,put,1100.1,1109.1
2026-12-28,6675.0,call,0.6,0.7
2026-12-28,6675.0,put,1126.1,1135.2
2026-12-28,6700.0,call,0.5,0.6
2026-12-28,6700.0,put,1149.2,1158.5
2026-12-28,6725.0,call,0.4,0.5
2026-12-28,6725.0,put,1173.8,1183.4
2026-12-28,6750.0,call,0.4,0.5
2026-12-28,6750.0,put,1199.9,1209.7
2026-12-28,6775.0,call,0.3,0.4
2026-12-28,6775.0,put,1216.9,1226.7
2026-12-28,6800.0,call,0.3,0.4
2026-12-28,6800.0,put,1243.1,1253.1
2026-12-28,6825.0,call,0.2,0.3
2026-12-28,6825.0,put,1272.3,1282.7
2026-12-28,6850.0,call,0.2,0.3
2026-12-28,6850.0,put,1289.3,1299.8
2026-12-28,6875.0,call,0.2,0.3
2026-12-28,6875.0,put,1319.6,1330.3
2026-12-28,6900.0,call,0.1,0.2
2026-12-28,6900.0,put,1344.2,1355.1
2026-12-28,6925.0,call,0.1,0.2
2026-12-28,6925.0,put,1364.5,1375.6
2026-12-28,6950.0,call,0.1,0.2
2026-12-28,6950.0,put,1390.6,1401.9
2026-12-28,6975.0,call,0.1,0.2
2026-12-28,6975.0,put,1419.4,1430.9
2026-12-28,7000.0,put,1443.8,1455.5
